{
	"info": {
		"_postman_id": "5a3b755d-5c84-4a37-afa5-8a3042d75cf0",
		"name": "Booking",
		"schema": "https://schema.getpostman.com/json/collection/v2.1.0/collection.json",
		"_exporter_id": "23439501"
	},
	"item": [
		{
			"name": "Add new booking",
			"request": {
				"method": "POST",
				"header": [],
				"body": {
					"mode": "raw",
					"raw": "{\r\n    \"_id\": \"10293848\",\r\n    \"restaurant\": \"Elemen\",\r\n    \"customer\": \"bobbybob\",\r\n    \"date_created\": \"150322\",\r\n    \"date\": \"280322\",\r\n    \"time\": \"1300\",\r\n    \"no_of_pax\": \"4\",\r\n    \"pax_details\": [\"mother\", \"father\", \"dog\"],\r\n    \"items_ordered\": [],\r\n    \"paid_status\": false\r\n}",
					"options": {
						"raw": {
							"language": "json"
						}
					}
				},
				"url": {
					"raw": "http://127.0.0.1:5003/booking/add",
					"protocol": "http",
					"host": [
						"127",
						"0",
						"0",
						"1"
					],
					"port": "5003",
					"path": [
						"booking",
						"add"
					]
				}
			},
			"response": []
		},
		{
			"name": "Get Bookings by restaurant name",
			"request": {
				"method": "GET",
				"header": [],
				"url": {
					"raw": "http://127.0.0.1:5003/booking/Elemen",
					"protocol": "http",
					"host": [
						"127",
						"0",
						"0",
						"1"
					],
					"port": "5003",
					"path": [
						"booking",
						"Elemen"
					]
				}
			},
			"response": []
		},
		{
			"name": "Get Bookings by customer name",
			"request": {
				"method": "GET",
				"header": [],
				"url": {
					"raw": "http://127.0.0.1:5003/booking/getBookings/mother",
					"protocol": "http",
					"host": [
						"127",
						"0",
						"0",
						"1"
					],
					"port": "5003",
					"path": [
						"booking",
						"getBookings",
						"mother"
					]
				}
			},
			"response": []
		},
		{
			"name": "Get Booking by bookingID",
			"request": {
				"method": "GET",
				"header": [],
				"url": {
					"raw": "http://127.0.0.1:5003/booking/getBooking/2",
					"protocol": "http",
					"host": [
						"127",
						"0",
						"0",
						"1"
					],
					"port": "5003",
					"path": [
						"booking",
						"getBooking",
						"2"
					]
				}
			},
			"response": []
		},
		{
			"name": "Update the items order for a booking",
			"request": {
				"method": "POST",
				"header": [],
				"body": {
					"mode": "raw",
					"raw": "{\r\n    \"booking_id\": \"10293848\",\r\n    \"order\": {\r\n        \"items\": {\r\n            \"item1\": [\"quantity\", \"price\"],\r\n            \"item2\": [\"quantity\", \"price\"],\r\n            \"item3\": [\"quantity\", \"price\"]\r\n        },\r\n        \"total\": 100\r\n    }\r\n}",
					"options": {
						"raw": {
							"language": "json"
						}
					}
				},
				"url": {
					"raw": "http://127.0.0.1:5003/booking/updateOrder",
					"protocol": "http",
					"host": [
						"127",
						"0",
						"0",
						"1"
					],
					"port": "5003",
					"path": [
						"booking",
						"updateOrder"
					]
				}
			},
			"response": []
		},
		{
			"name": "Update payment status for a booking",
			"request": {
				"method": "PUT",
				"header": [],
				"body": {
					"mode": "raw",
					"raw": "{\r\n    \"booking_id\": \"10293848\",\r\n    \"payment_status\": true\r\n}",
					"options": {
						"raw": {
							"language": "json"
						}
					}
				},
				"url": {
					"raw": "http://127.0.0.1:5003/booking/updatePaymentStatus",
					"protocol": "http",
					"host": [
						"127",
						"0",
						"0",
						"1"
					],
					"port": "5003",
					"path": [
						"booking",
						"updatePaymentStatus"
					]
				}
			},
			"response": []
		},
		{
			"name": "Delete a booking",
			"request": {
				"method": "DELETE",
				"header": [],
				"url": {
					"raw": "http://127.0.0.1:5003/booking/delete/10293848",
					"protocol": "http",
					"host": [
						"127",
						"0",
						"0",
						"1"
					],
					"port": "5003",
					"path": [
						"booking",
						"delete",
						"10293848"
					]
				}
			},
			"response": []
		}
	]
}