{
	"info": {
		"_postman_id": "eba0897c-8f4c-4b20-bcbd-246928649ff8",
		"name": "Catalog",
		"schema": "https://schema.getpostman.com/json/collection/v2.1.0/collection.json",
		"_exporter_id": "23439501"
	},
	"item": [
		{
			"name": "Add a restuarant",
			"request": {
				"method": "POST",
				"header": [],
				"body": {
					"mode": "raw",
					"raw": "{\r\n    \"_id\": \"Elemen2\",\r\n    \"location\": {\r\n        \"formatted_address\": \"9 Raffles Blvd #01-75/75A/76 Millenia Walk\",\r\n        \"postal_code\": \"039596\"\r\n    },\r\n    \"description\": \"elemen is a dining concept focused on a modern interpretation of natural and meatless cuisine. It is dedicated to fostering the well-being of our customers through our wholesome meatless recipes and use of natural ingredients. Our elemen restaurants offer a pleasant dining experience and our brand motto 'Love Self, Love Earth' explains our focus of serving healthy and natural food, without compromising the sustainability of the environment.\",\r\n    \"category\": \"category\",\r\n    \"image\": [\"image\"],\r\n    \"website\": \"elemengroup.com.sg\",\r\n    \"cuisine\": [\"Vegetarian\"],\r\n    \"availability\": {\r\n        \"270322\": {\r\n            \"1100\": 5,\r\n            \"1200\": 5,\r\n            \"1300\": 5,\r\n            \"1400\": 5,\r\n            \"1500\": 5,\r\n            \"1600\": 5,\r\n            \"1700\": 5,\r\n            \"1800\": 5,\r\n            \"1900\": 5,\r\n            \"2000\": 5,\r\n            \"2100\": 5\r\n        },\r\n        \"280322\": {\r\n            \"1100\": 5,\r\n            \"1200\": 5,\r\n            \"1300\": 5,\r\n            \"1400\": 5,\r\n            \"1500\": 5,\r\n            \"1600\": 5,\r\n            \"1700\": 5,\r\n            \"1800\": 5,\r\n            \"1900\": 5,\r\n            \"2000\": 5,\r\n            \"2100\": 5\r\n        },\r\n        \"290322\": {\r\n            \"1100\": 5,\r\n            \"1200\": 5,\r\n            \"1300\": 5,\r\n            \"1400\": 5,\r\n            \"1500\": 5,\r\n            \"1600\": 5,\r\n            \"1700\": 5,\r\n            \"1800\": 5,\r\n            \"1900\": 5,\r\n            \"2000\": 5,\r\n            \"2100\": 5\r\n        },\r\n        \"300322\": {\r\n            \"1100\": 5,\r\n            \"1200\": 5,\r\n            \"1300\": 5,\r\n            \"1400\": 5,\r\n            \"1500\": 5,\r\n            \"1600\": 5,\r\n            \"1700\": 5,\r\n            \"1800\": 5,\r\n            \"1900\": 5,\r\n            \"2000\": 5,\r\n            \"2100\": 5\r\n        },\r\n        \"310322\": {\r\n            \"1100\": 5,\r\n            \"1200\": 5,\r\n            \"1300\": 5,\r\n            \"1400\": 5,\r\n            \"1500\": 5,\r\n            \"1600\": 5,\r\n            \"1700\": 5,\r\n            \"1800\": 5,\r\n            \"1900\": 5,\r\n            \"2000\": 5,\r\n            \"2100\": 5\r\n        },\r\n        \"010422\": {\r\n            \"1100\": 5,\r\n            \"1200\": 5,\r\n            \"1300\": 5,\r\n            \"1400\": 5,\r\n            \"1500\": 5,\r\n            \"1600\": 5,\r\n            \"1700\": 5,\r\n            \"1800\": 5,\r\n            \"1900\": 5,\r\n            \"2000\": 5,\r\n            \"2100\": 5\r\n        },\r\n        \"020422\": {\r\n            \"1100\": 5,\r\n            \"1200\": 5,\r\n            \"1300\": 5,\r\n            \"1400\": 5,\r\n            \"1500\": 5,\r\n            \"1600\": 5,\r\n            \"1700\": 5,\r\n            \"1800\": 5,\r\n            \"1900\": 5,\r\n            \"2000\": 5,\r\n            \"2100\": 5\r\n        }\r\n    },\r\n    \"avg_rating\": 4.0,\r\n    \"number_of_ratings\": 893\r\n}",
					"options": {
						"raw": {
							"language": "json"
						}
					}
				},
				"url": {
					"raw": "http://127.0.0.1:5002/catalog/add",
					"protocol": "http",
					"host": [
						"127",
						"0",
						"0",
						"1"
					],
					"port": "5002",
					"path": [
						"catalog",
						"add"
					]
				}
			},
			"response": []
		},
		{
			"name": "Get All Restaurants",
			"request": {
				"method": "GET",
				"header": [],
				"url": {
					"raw": "http://127.0.0.1:5002/catalog/all",
					"protocol": "http",
					"host": [
						"127",
						"0",
						"0",
						"1"
					],
					"port": "5002",
					"path": [
						"catalog",
						"all"
					]
				}
			},
			"response": []
		},
		{
			"name": "Get A Restaurant",
			"request": {
				"method": "GET",
				"header": [],
				"url": {
					"raw": "http://127.0.0.1:5002/catalog/find/Elemen2",
					"protocol": "http",
					"host": [
						"127",
						"0",
						"0",
						"1"
					],
					"port": "5002",
					"path": [
						"catalog",
						"find",
						"Elemen2"
					]
				}
			},
			"response": []
		},
		{
			"name": "Update Restaurant Availability",
			"request": {
				"method": "PUT",
				"header": [],
				"body": {
					"mode": "raw",
					"raw": "{\r\n    \"restaurant_name\": \"Elemen2\",\r\n    \"date\": \"010422\",\r\n    \"time\": \"1100\"\r\n}",
					"options": {
						"raw": {
							"language": "json"
						}
					}
				},
				"url": {
					"raw": "http://127.0.0.1:5002/catalog/updateAvailability",
					"protocol": "http",
					"host": [
						"127",
						"0",
						"0",
						"1"
					],
					"port": "5002",
					"path": [
						"catalog",
						"updateAvailability"
					]
				}
			},
			"response": []
		}
	]
}