{
	"info": {
		"_postman_id": "dffb0bd8-37fc-479c-944d-77d94c33c47b",
		"name": "Customer",
		"schema": "https://schema.getpostman.com/json/collection/v2.1.0/collection.json",
		"_exporter_id": "23439501"
	},
	"item": [
		{
			"name": "Add a New Customer",
			"request": {
				"method": "POST",
				"header": [],
				"body": {
					"mode": "raw",
					"raw": "{\r\n    \"_id\": \"nickyex2\",\r\n    \"password\": \"bobthebuilder\",\r\n    \"phone\": \"85110106\",\r\n    \"telegram\": \"@nicky_goh\",\r\n    \"email\": \"zellaex128@gmail.com\",\r\n    \"first_name\": \"Nicholas\",\r\n    \"last_name\": \"Goh\",\r\n    \"credit_card\": {\r\n        \"card_number\": \"4242424242424242\",\r\n        \"expiration_date\": \"08/30\",\r\n        \"security_code\": \"999\"\r\n    }\r\n}",
					"options": {
						"raw": {
							"language": "json"
						}
					}
				},
				"url": {
					"raw": "http://127.0.0.1:5001/customer/add",
					"protocol": "http",
					"host": [
						"127",
						"0",
						"0",
						"1"
					],
					"port": "5001",
					"path": [
						"customer",
						"add"
					]
				}
			},
			"response": []
		},
		{
			"name": "Login Successful",
			"request": {
				"method": "POST",
				"header": [],
				"body": {
					"mode": "raw",
					"raw": "{\r\n    \"customer_id\": \"nickyex2\",\r\n    \"password\": \"bobthebuilder\"\r\n}",
					"options": {
						"raw": {
							"language": "json"
						}
					}
				},
				"url": {
					"raw": "http://127.0.0.1:5001/customer/login",
					"protocol": "http",
					"host": [
						"127",
						"0",
						"0",
						"1"
					],
					"port": "5001",
					"path": [
						"customer",
						"login"
					]
				}
			},
			"response": []
		},
		{
			"name": "Find a Customer",
			"request": {
				"method": "GET",
				"header": [],
				"url": {
					"raw": "http://127.0.0.1:5001/customer/nickyex2",
					"protocol": "http",
					"host": [
						"127",
						"0",
						"0",
						"1"
					],
					"port": "5001",
					"path": [
						"customer",
						"nickyex2"
					]
				}
			},
			"response": []
		}
	]
}