{
	"info": {
		"_postman_id": "a7f14224-e104-4b66-9eeb-37293cf9a37b",
		"name": "Payment",
		"schema": "https://schema.getpostman.com/json/collection/v2.1.0/collection.json",
		"_exporter_id": "23439501"
	},
	"item": [
		{
			"name": "POST_PAYMENT",
			"request": {
				"method": "POST",
				"header": [],
				"body": {
					"mode": "raw",
					"raw": " {\r\n        \"total_amount\": 300,\r\n        \"maincustomer\": {\r\n                \"name\": \"customer1\",\r\n                \"amount\": 100,\r\n                \"card_no\": \"4242424242424242\",\r\n                \"exp_date\": \"08/25\",\r\n                \"cvc\": \"314\"\r\n            },\r\n        \"customer_details\": {\r\n            \"customer2\": {\r\n                \"amount\": 100,\r\n                \"card_no\": \"4242424242424241\",\r\n                \"exp_date\": \"08/25\",\r\n                \"cvc\": \"314\"\r\n            },\r\n            \"customer3\": {\r\n                \"amount\": 100,\r\n                \"card_no\": \"4242424242424241\",\r\n                \"exp_date\": \"08/25\",\r\n                \"cvc\": \"314\"\r\n            }\r\n        }\r\n      }",
					"options": {
						"raw": {
							"language": "json"
						}
					}
				},
				"url": {
					"raw": "http://127.0.0.1:5004/payment",
					"protocol": "http",
					"host": [
						"127",
						"0",
						"0",
						"1"
					],
					"port": "5004",
					"path": [
						"payment"
					]
				}
			},
			"response": []
		}
	]
}